id;name;prenom;adresse;telephone
1;reciprocal payment;Kuwait;Belize Dollar compressing Handcrafted;77851
2;parse networks;paradigm;Functionality envisioneer;86760
3;Coordinator Money Market Account invoice;Grocery;capacitor Handcrafted Rubber Car;28839
4;Internal PNG;Kids neural;content;77018
5;Jewelery superstructure;Security Licensed Maine;Legacy;43375
6;Home Loan Account Corporate;Wooden;Associate Solomon Islands Dollar;81203
7;Wooden grey;connect Avon;online;1397
8;index;Dalasi;Idaho Villages Hryvnia;96205
9;orange;copying;Gibraltar regional;55479
10;Grocery;Via Corporate Enhanced;bandwidth Borders;97821
